<RSAKeyValue>
  <Modulus>vDGUa1NiV4CSajxi6OPTHPlSF8L/V+rUQatcHhYq2PH/mPUzuKmzXP/A/ULKpvuj93yukZzQMsx/HHPDudM0bdgY5CP64DP7eIqnwguujDyQfs4C/Oa4RHefUcxlFhp41u8V3DeEnygE2fQjXzUv5T3Ug8WUGZi747Tu319EbYk=</Modulus>
  <Exponent>AQAB</Exponent>
  <P>5+dsEtZ1UNnTxWPZLPikUyeMpp2yeEw5/CrCjpYI8eLHFT1MFK1ubIFa2w9m14csoBQ3JTg+L0lx2w9AefU++Q==</P>
  <Q>z7951j4+BLUVmGKIMrkU2DPeEJGF34Lq9hjwaEQBkgtsLo5Z0j+j8l+nTijJBhjsuUY/KJhE9gzp9YuhMUH3EQ==</Q>
  <DP>SBRkQQ6rdC/gZM/+Jr45xSbbzsXhPQbkVv6rbkowCY7lNjLRPPQTCGLEbKZC3ubC9haSdV0f5u67Fs2MyttxcQ==</DP>
  <DQ>DtKWmtauDh/tfoXpOdVCy3pH6d64Mo5gvVZiMM5JXmY6PcgiWIH57J0ujsESNsEogr+kWf0jTnr1ZnOj+KPAQQ==</DQ>
  <InverseQ>OHInEgdXXbmyXfK9KdCB7OSx/vYHFtJ3jiR7Q6HH6m+6wwsDJ2LMs72qLP2ISHev9Z5AaI6m4JzPwkfSr7w7JA==</InverseQ>
  <D>dM85VlyNP864EmSk5/TxBpziDYmlQAar9I7OQIZ11e5vPZuEnOwIPoMoYIpiir7KiUTEffEdcUpo41ofdGnZsft5hdk9IUB1lXC/+2cFKGUX0v5QN0KVBFGcCrx0755jMy+QgqIHTwVR0BFNZTcuM9n+v/lEV1ANBwn78A8f3QE=</D>
</RSAKeyValue>